,Circuit,WindSustained,GustSustained,FPI,WindThreshold,GustTheshold,closeToWindThreshold,closeToGustThreshold,eFPI,eThres,PSPS_Activation_probability%
0,PLATEAU,14.0,18.6,6.0,31.0,46.0,45.16,40.43,0.5,0.45,0
1,PARINA,34.8,46.2,14.9,28.0,36.0,124.29,128.33,1.24,1.28,100
2,FORTUNE,10.6,21.6,6.97,31.0,45.0,34.19,48.0,0.58,0.48,0
3,GNATCATCHER,26.9,28.4,9.16,31.0,46.0,86.77,61.74,0.76,0.87,100
4,ESTABAN,25.2,34.2,11.03,31.0,45.0,81.29,76.0,0.92,0.81,100
5,MOUNTAINTAHQUITZ,22.9,34.9,11.26,31.0,46.0,73.87,75.87,0.94,0.76,100
6,CUDDEBACK,18.3,29.1,9.39,23.0,37.0,79.57,78.65,0.78,0.8,100
7,SHOVEL,19.3,22.7,7.32,25.0,40.0,77.2,56.75,0.61,0.77,0
8,ANGUS,24.4,34.3,11.06,31.0,46.0,78.71,74.57,0.92,0.79,100
9,SANTORINI,26.0,31.2,10.06,31.0,42.0,83.87,74.29,0.84,0.84,100
10,ARLENE,34.6,49.6,16.0,31.0,46.0,111.61,107.83,1.33,1.12,100
11,BLUE CUT,12.1,16.4,5.29,31.0,46.0,39.03,35.65,0.44,0.39,0
12,FINGAL,14.9,28.4,9.16,31.0,46.0,48.06,61.74,0.76,0.62,0
13,ZONE,26.7,37.7,12.16,31.0,46.0,86.13,81.96,1.01,0.86,100
14,RED BOX,11.0,18.4,5.94,31.0,46.0,35.48,40.0,0.5,0.4,0
15,EASTER,29.9,42.8,13.81,29.0,41.0,103.1,104.39,1.15,1.04,100
16,PATRICIA,24.8,37.7,12.16,31.0,46.0,80.0,81.96,1.01,0.82,100
17,FERRARA,30.7,32.7,10.55,31.0,46.0,99.03,71.09,0.88,0.99,100
18,CLUB OAKS,12.7,20.1,6.48,31.0,46.0,40.97,43.7,0.54,0.44,0
19,SAND CANYON,11.5,16.6,5.35,31.0,46.0,37.1,36.09,0.45,0.37,0
20,RUSTIC,11.3,14.8,4.77,31.0,46.0,36.45,32.17,0.4,0.36,0
21,STUBBY,24.8,26.5,8.55,31.0,46.0,80.0,57.61,0.71,0.8,100
22,IMPALA,32.3,40.6,13.1,31.0,46.0,104.19,88.26,1.09,1.04,100
23,DAVENPORT,34.3,35.9,11.58,31.0,46.0,110.65,78.04,0.96,1.11,100
24,CALSTATE,27.5,36.5,11.77,31.0,46.0,88.71,79.35,0.98,0.89,100
25,ENERGY,20.6,24.1,7.77,31.0,46.0,66.45,52.39,0.65,0.66,0
26,ENCHANTED,34.8,42.5,13.71,31.0,46.0,112.26,92.39,1.14,1.12,100
27,JULIUS,19.6,23.6,7.61,31.0,46.0,63.23,51.3,0.63,0.63,0
28,RED BOX,27.7,41.0,13.23,31.0,46.0,89.35,89.13,1.1,0.89,100
29,TAIWAN,34.0,43.7,14.1,31.0,46.0,109.68,95.0,1.18,1.1,100
30,DAVENPORT,17.9,27.2,8.77,31.0,46.0,57.74,59.13,0.73,0.59,0
31,COBRA,27.9,35.6,11.48,31.0,42.0,90.0,84.76,0.96,0.9,100
32,SAND CANYON,25.0,26.9,8.68,31.0,46.0,80.65,58.48,0.72,0.81,100
33,MIDDLE ROAD,14.2,18.8,6.06,26.0,42.0,54.62,44.76,0.51,0.55,0
34,CALSTATE,13.6,22.0,7.1,31.0,46.0,43.87,47.83,0.59,0.48,0
35,ANTON,18.2,21.5,6.94,31.0,46.0,58.71,46.74,0.58,0.59,0
36,ESTABAN,24.6,31.3,10.1,31.0,45.0,79.35,69.56,0.84,0.79,100
37,ROSA,23.4,37.2,12.0,31.0,46.0,75.48,80.87,1.0,0.81,100
38,PYTHON,17.0,28.4,9.16,31.0,46.0,54.84,61.74,0.76,0.62,0
39,CONINE,15.9,23.3,7.52,28.0,40.0,56.79,58.25,0.63,0.58,0
40,EASTER,12.0,19.7,6.35,29.0,41.0,41.38,48.05,0.53,0.48,0
41,ANTON,11.3,16.6,5.35,31.0,46.0,36.45,36.09,0.45,0.36,0
42,CANEBRAKE,11.0,23.8,7.68,31.0,46.0,35.48,51.74,0.64,0.52,0
43,High Wind Trend SKI HI,23.2,36.7,11.84,31.0,46.0,74.84,79.78,0.99,0.8,100
44,ENERGY,15.9,19.9,6.42,31.0,46.0,51.29,43.26,0.54,0.51,0
45,GUNSITE,17.8,32.0,10.32,31.0,46.0,57.42,69.57,0.86,0.7,100
46,BING,33.4,40.7,13.13,31.0,45.0,107.74,90.44,1.09,1.08,100
47,WHITECLIFF,31.6,33.8,10.9,31.0,46.0,101.94,73.48,0.91,1.02,100
48,TOGA,13.1,25.5,8.23,31.0,41.7,42.26,61.15,0.69,0.61,0
49,DAVENPORT,28.4,40.0,12.9,31.0,46.0,91.61,86.96,1.07,0.92,100
50,CALSTATE,12.8,18.4,5.94,31.0,46.0,41.29,40.0,0.5,0.41,0
51,TWIN LAKES,18.9,26.0,8.39,31.0,45.0,60.97,57.78,0.7,0.61,0
52,STEEL,13.7,27.6,8.9,30.0,43.0,45.67,64.19,0.74,0.64,0
53,SUTT,22.6,36.8,11.87,31.0,46.0,72.9,80.0,0.99,0.8,100
54,AMBERCREST,29.1,40.7,13.13,31.0,44.0,93.87,92.5,1.09,0.94,100
55,JEEP,14.2,25.7,8.29,27.0,43.0,52.59,59.77,0.69,0.6,0
56,BIRCHIM,24.8,36.2,11.68,31.0,46.0,80.0,78.7,0.97,0.8,100
57,LOUCKS,31.2,35.8,11.55,31.0,46.0,100.65,77.83,0.96,1.01,100
58,SAND CANYON,31.4,33.6,10.84,31.0,46.0,101.29,73.04,0.9,1.01,100
59,ANTON,22.5,29.5,9.52,31.0,46.0,72.58,64.13,0.79,0.73,100
60,JULIUS,26.8,28.0,9.03,31.0,46.0,86.45,60.87,0.75,0.86,100
61,NAPOLEON,34.8,36.4,11.74,31.0,45.0,112.26,80.89,0.98,1.12,100
62,SANTORINI,18.0,30.5,9.84,31.0,42.0,58.06,72.62,0.82,0.73,100
63,NAPOLEON,15.5,26.2,8.45,31.0,45.0,50.0,58.22,0.7,0.58,0
64,METTLER,22.1,32.5,10.48,31.0,46.0,71.29,70.65,0.87,0.71,100
65,CLARINET,20.2,29.5,9.52,31.0,46.0,65.16,64.13,0.79,0.65,100
66,CUTHBERT,26.4,27.6,8.9,31.0,46.0,85.16,60.0,0.74,0.85,100
67,BUCKNER,33.5,40.6,13.1,31.0,45.0,108.06,90.22,1.09,1.08,100
68,GUITAR,24.5,36.1,11.65,31.0,46.0,79.03,78.48,0.97,0.79,100
69,ENERGY,10.8,17.1,5.52,31.0,46.0,34.84,37.17,0.46,0.37,0
70,CANEBRAKE,14.8,24.7,7.97,31.0,46.0,47.74,53.7,0.66,0.54,0
71,SAND CANYON,28.2,41.9,13.52,31.0,46.0,90.97,91.09,1.13,0.91,100
72,LOCKNER,23.3,27.1,8.74,31.0,45.0,75.16,60.22,0.73,0.75,100
73,BIANCO,14.3,20.3,6.55,31.0,40.0,46.13,50.75,0.55,0.51,0
74,SAND CANYON,11.3,21.2,6.84,31.0,46.0,36.45,46.09,0.57,0.46,0
75,RICARDO,21.4,30.7,9.9,31.0,46.0,69.03,66.74,0.83,0.69,100
76,DAVENPORT,25.3,36.8,11.87,31.0,46.0,81.61,80.0,0.99,0.82,100
77,TIMBER,25.3,26.9,8.68,31.0,46.0,81.61,58.48,0.72,0.82,100
78,SWEETWATER,19.3,23.7,7.65,31.0,46.0,62.26,51.52,0.64,0.62,0
79,BIG ROCK,18.3,21.9,7.06,31.0,46.0,59.03,47.61,0.59,0.59,0
80,TAPO,20.6,33.1,10.68,31.0,46.0,66.45,71.96,0.89,0.72,100
81,KICKAPOO,26.3,32.3,10.42,31.0,46.0,84.84,70.22,0.87,0.85,100
82,ENERGY,27.2,41.0,13.23,31.0,46.0,87.74,89.13,1.1,0.89,100
83,MORELLO,11.1,14.3,4.61,31.0,45.0,35.81,31.78,0.38,0.36,0
84,ZENDA,24.9,29.0,9.35,31.0,46.0,80.32,63.04,0.78,0.8,100
85,GALENA,29.8,39.6,12.77,31.0,46.0,96.13,86.09,1.06,0.96,100
86,CORSAIR,23.3,33.4,10.77,30.0,42.0,77.67,79.52,0.9,0.8,100
87,TANAGER,18.5,29.5,9.52,30.67,44.07,60.32,66.94,0.79,0.67,100
88,BIG ROCK,21.7,28.6,9.23,31.0,46.0,70.0,62.17,0.77,0.7,100
89,ESTABAN,13.4,24.5,7.9,31.0,45.0,43.23,54.44,0.66,0.54,0
90,VIENTO,12.0,19.0,6.13,31.0,46.0,38.71,41.3,0.51,0.41,0
91,GNATCATCHER,16.4,17.8,5.74,31.0,46.0,52.9,38.7,0.48,0.53,0
92,DAVENPORT,11.9,21.3,6.87,31.0,46.0,38.39,46.3,0.57,0.46,0
93,COBRA,11.0,19.9,6.42,31.0,42.0,35.48,47.38,0.54,0.47,0
94,ZONE,21.1,34.6,11.16,31.0,46.0,68.06,75.22,0.93,0.75,100
95,ARLENE,23.4,31.8,10.26,31.0,46.0,75.48,69.13,0.85,0.75,100
96,TUFA,12.8,22.9,7.39,31.0,46.0,41.29,49.78,0.62,0.5,0
97,PHEASANT,32.8,38.4,12.39,31.0,45.0,105.81,85.33,1.03,1.06,100
98,SWEETWATER,17.5,32.2,10.39,31.0,46.0,56.45,70.0,0.87,0.7,100
99,ANTON,25.6,34.5,11.13,31.0,46.0,82.58,75.0,0.93,0.83,100
100,SOGGY,25.4,31.3,10.1,28.0,40.0,90.71,78.25,0.84,0.91,100
101,LANGER,26.1,28.0,9.03,31.0,45.0,84.19,62.22,0.75,0.84,100
102,IMPALA,30.3,32.8,10.58,31.0,46.0,97.74,71.3,0.88,0.98,100
103,BOOTLEGGER,30.9,45.0,14.52,31.0,46.0,99.68,97.83,1.21,1.0,100
104,ERRINGER,11.2,23.7,7.65,31.0,45.0,36.13,52.67,0.64,0.53,0
105,ENERGY,22.6,35.6,11.48,31.0,46.0,72.9,77.39,0.96,0.77,100
106,ACOSTA,24.1,36.6,11.81,31.0,46.0,77.74,79.57,0.98,0.8,100
107,GRAPEVINE PEAK,12.5,19.9,6.42,31.0,46.0,40.32,43.26,0.54,0.43,0
108,CASTRO,25.7,31.5,10.16,30.0,46.0,85.67,68.48,0.85,0.86,100
109,HONEYCRISP,21.9,34.3,11.06,24.0,42.0,91.25,81.67,0.92,0.91,100
110,BIG ROCK,10.7,19.9,6.42,31.0,46.0,34.52,43.26,0.54,0.43,0
111,ANTON,32.7,46.1,14.87,31.0,46.0,105.48,100.22,1.24,1.05,100
112,CONDOR,24.4,29.3,9.45,31.0,46.0,78.71,63.7,0.79,0.79,100
113,ACOSTA,28.7,36.0,11.61,31.0,46.0,92.58,78.26,0.97,0.93,100
114,PHEASANT,25.3,28.9,9.32,31.0,45.0,81.61,64.22,0.78,0.82,100
115,BEAR VALLEY,23.1,34.6,11.16,18.0,29.0,128.33,119.31,0.93,1.28,100
116,GILMAN,21.6,33.5,10.81,31.0,45.0,69.68,74.44,0.9,0.74,100
117,CALSTATE,25.0,27.1,8.74,31.0,46.0,80.65,58.91,0.73,0.81,100
118,HONEYCRISP,17.2,18.4,5.94,29.0,42.0,59.31,43.81,0.5,0.59,0
119,PICK,25.5,35.3,11.39,31.0,46.0,82.26,76.74,0.95,0.82,100
120,STUBBY,29.4,34.9,11.26,31.0,46.0,94.84,75.87,0.94,0.95,100
121,ENERGY,12.1,15.6,5.03,31.0,46.0,39.03,33.91,0.42,0.39,0
122,DAVENPORT,13.7,19.2,6.19,31.0,46.0,44.19,41.74,0.52,0.44,0
123,ZONE,13.7,20.0,6.45,31.0,46.0,44.19,43.48,0.54,0.44,0
124,NORTHPARK,30.0,40.0,12.9,31.0,46.0,96.77,86.96,1.07,0.97,100
125,KINSEY,10.4,14.0,4.52,31.0,46.0,33.55,30.43,0.38,0.34,0
126,CONDOR,28.8,39.0,12.58,31.0,46.0,92.9,84.78,1.05,0.93,100
127,FINGAL,18.9,23.0,7.42,31.0,46.0,60.97,50.0,0.62,0.61,0
128,FANO,18.3,29.7,9.58,28.0,40.0,65.36,74.25,0.8,0.74,100
129,RED BOX,19.9,32.9,10.61,31.0,46.0,64.19,71.52,0.88,0.72,100
130,TAPO,26.4,32.8,10.58,31.0,46.0,85.16,71.3,0.88,0.85,100
131,METTLER,24.3,38.4,12.39,23.0,37.0,105.65,103.78,1.03,1.06,100
132,RAINBOW,17.5,21.9,7.06,31.0,46.0,56.45,47.61,0.59,0.56,0
133,ECHO,22.2,30.1,9.71,31.0,46.0,71.61,65.43,0.81,0.72,100
134,BALCOM,28.8,38.3,12.35,31.0,46.0,92.9,83.26,1.03,0.93,100
135,CASSIDY,15.3,27.3,8.81,31.0,46.0,49.35,59.35,0.73,0.59,0
136,GALENA,19.2,25.2,8.13,31.0,46.0,61.94,54.78,0.68,0.62,0
137,MODJESKA,29.8,42.5,13.71,30.0,44.0,99.33,96.59,1.14,0.99,100
138,FORTUNE,32.8,42.9,13.84,31.0,45.0,105.81,95.33,1.15,1.06,100
139,BLACKHILLS,10.1,13.2,4.26,31.0,46.0,32.58,28.7,0.35,0.33,0
140,REJADA,10.7,17.1,5.52,31.0,46.0,34.52,37.17,0.46,0.37,0
141,FLYING D,28.3,39.0,12.58,31.0,46.0,91.29,84.78,1.05,0.91,100
142,BELPAC,29.4,43.4,14.0,31.0,42.42,94.84,102.31,1.17,1.02,100
143,Exceeded Threshold STROSNIDER,18.3,28.3,9.13,31.0,46.0,59.03,61.52,0.76,0.62,0
144,SHOVEL,10.2,24.6,7.94,31.0,46.0,32.9,53.48,0.66,0.53,0
145,VIDEO,20.1,24.1,7.77,28.0,45.0,71.79,53.56,0.65,0.72,0
146,BIG ROCK,12.4,15.1,4.87,31.0,46.0,40.0,32.83,0.41,0.4,0
147,SUTT,27.5,34.4,11.1,31.0,46.0,88.71,74.78,0.92,0.89,100
148,NAPOLEON,32.3,37.7,12.16,31.0,45.0,104.19,83.78,1.01,1.04,100
149,POWER,25.8,35.0,11.29,31.0,46.0,83.23,76.09,0.94,0.83,100
150,NORTHPARK,32.5,33.5,10.81,31.0,46.0,104.84,72.83,0.9,1.05,100
151,LOPEZ,28.7,41.7,13.45,31.0,46.0,92.58,90.65,1.12,0.93,100
152,MACIEL,30.9,38.6,12.45,27.59,42.17,112.0,91.53,1.04,1.12,100
153,METTLER,20.4,32.6,10.52,23.0,37.0,88.7,88.11,0.88,0.89,100
154,SAUNDERS,16.0,24.0,7.74,27.0,44.0,59.26,54.55,0.65,0.59,0
155,PETIT,21.6,23.4,7.55,31.0,46.0,69.68,50.87,0.63,0.7,0
156,CARMELITA,30.6,38.2,12.32,31.0,46.0,98.71,83.04,1.03,0.99,100
157,GREAT SALT,34.1,39.7,12.81,29.0,42.0,117.59,94.52,1.07,1.18,100
158,Energy,14.1,18.7,6.03,31.0,46.0,45.48,40.65,0.5,0.45,0
159,STORES,10.9,22.8,7.35,31.0,46.0,35.16,49.57,0.61,0.5,0
160,CHAWA,30.3,35.4,11.42,31.0,46.0,97.74,76.96,0.95,0.98,100
161,DARTMOUTH,22.5,36.2,11.68,31.0,45.0,72.58,80.44,0.97,0.8,100
162,NAPOLEON,20.5,24.7,7.97,31.0,45.0,66.13,54.89,0.66,0.66,0
163,DYSART,25.4,32.0,10.32,31.0,46.0,81.94,69.57,0.86,0.82,100
164,ENERGY,33.8,46.8,15.1,31.0,46.0,109.03,101.74,1.26,1.09,100
165,ACOSTA,26.4,38.8,12.52,31.0,46.0,85.16,84.35,1.04,0.85,100
166,SAND CANYON,21.6,23.9,7.71,31.0,46.0,69.68,51.96,0.64,0.7,0
167,DUKE,23.6,34.0,10.97,30.0,46.0,78.67,73.91,0.91,0.79,100
168,ROS,32.7,34.1,11.0,27.0,39.0,121.11,87.44,0.92,1.21,100
169,BUCKHORN,20.6,28.2,9.1,31.0,46.0,66.45,61.3,0.76,0.66,0
170,CLARINET,34.2,44.6,14.39,31.0,46.0,110.32,96.96,1.2,1.1,100
171,PASCAL,29.9,38.9,12.55,31.0,44.0,96.45,88.41,1.05,0.96,100
172,TOWNSHIP,17.9,25.3,8.16,31.0,45.0,57.74,56.22,0.68,0.58,0
173,VETERANS,22.6,30.0,9.68,31.0,46.0,72.9,65.22,0.81,0.73,100
174,CASTRO,26.9,37.7,12.16,29.8,46.0,90.27,81.96,1.01,0.9,100
175,FINGAL,29.1,39.3,12.68,31.0,46.0,93.87,85.43,1.06,0.94,100
176,FLAKE,29.9,30.9,9.97,28.0,36.0,106.79,85.83,0.83,1.07,100
177,LAZARO,25.2,35.8,11.55,28.0,40.0,90.0,89.5,0.96,0.9,100
178,RACER,21.5,31.0,10.0,31.0,46.0,69.35,67.39,0.83,0.69,100
179,CALSTATE,22.2,36.8,11.87,31.0,46.0,71.61,80.0,0.99,0.8,100
180,BIG ROCK,21.3,22.7,7.32,31.0,46.0,68.71,49.35,0.61,0.69,0
181,LOPEZ,33.4,47.5,15.32,31.0,46.0,107.74,103.26,1.28,1.08,100
182,CALGROVE,14.9,16.3,5.26,31.0,46.0,48.06,35.43,0.44,0.48,0
183,PICK,29.2,34.5,11.13,31.0,46.0,94.19,75.0,0.93,0.94,100
184,DAVENPORT,12.2,22.4,7.23,31.0,46.0,39.35,48.7,0.6,0.49,0
185,GNATCATCHER,18.1,30.6,9.87,31.0,46.0,58.39,66.52,0.82,0.67,100
186,GREEN RIVER,26.2,34.6,11.16,31.0,40.0,84.52,86.5,0.93,0.86,100
187,SCHMIDT,10.0,11.2,3.61,31.0,44.0,32.26,25.45,0.3,0.32,0
188,LOUCKS,17.1,27.0,8.71,31.0,46.0,55.16,58.7,0.73,0.59,0
189,MOCCASIN,27.8,37.0,11.94,31.0,46.0,89.68,80.43,0.99,0.9,100
190,BIG ROCK,15.2,25.4,8.19,31.0,46.0,49.03,55.22,0.68,0.55,0
191,NORTHPARK,23.3,25.9,8.35,31.0,46.0,75.16,56.3,0.7,0.75,0
192,DONLON,17.3,23.5,7.58,31.0,46.0,55.81,51.09,0.63,0.56,0
193,RAINBOW,21.1,24.7,7.97,31.0,46.0,68.06,53.7,0.66,0.68,0
194,DUKE,24.5,39.0,12.58,30.0,46.0,81.67,84.78,1.05,0.85,100
195,SAVORY,15.9,23.5,7.58,29.0,42.0,54.83,55.95,0.63,0.56,0
196,PASCAL,33.5,42.5,13.71,31.0,44.0,108.06,96.59,1.14,1.08,100
197,AMETHYST,23.0,24.6,7.94,31.0,46.0,74.19,53.48,0.66,0.74,0
198,Met Threshold CAMPANULA,28.3,32.1,10.35,31.0,46.0,91.29,69.78,0.86,0.91,100
199,FERRARA,15.5,25.1,8.1,31.0,46.0,50.0,54.57,0.67,0.55,0
200,RUSTIC,26.3,33.6,10.84,31.0,46.0,84.84,73.04,0.9,0.85,100
201,GNATCATCHER,21.8,29.8,9.61,31.0,46.0,70.32,64.78,0.8,0.7,100
202,TWIN LAKES,33.9,38.2,12.32,31.0,45.0,109.35,84.89,1.03,1.09,100
203,SADDLEBACK,14.6,18.8,6.06,31.0,46.0,47.1,40.87,0.51,0.47,0
204,ATENTO,34.7,47.5,15.32,31.0,46.0,111.94,103.26,1.28,1.12,100
205,DARTMOUTH,21.1,29.3,9.45,31.0,45.0,68.06,65.11,0.79,0.68,100
206,ENERGY,27.5,29.4,9.48,31.0,46.0,88.71,63.91,0.79,0.89,100
207,SAND CANYON,33.3,47.2,15.23,31.0,46.0,107.42,102.61,1.27,1.07,100
208,AMETHYST,34.6,46.9,15.13,31.0,46.0,111.61,101.96,1.26,1.12,100
209,ARLENE,26.1,32.4,10.45,31.0,46.0,84.19,70.43,0.87,0.84,100
210,STEEL,31.7,32.9,10.61,30.0,43.0,105.67,76.51,0.88,1.06,100
211,GLASSCOCK,19.2,31.8,10.26,31.0,45.0,61.94,70.67,0.85,0.71,100
212,COLLINS,26.5,28.6,9.23,31.0,43.0,85.48,66.51,0.77,0.85,100
213,THACHER,11.3,25.8,8.32,29.0,46.0,38.97,56.09,0.69,0.56,0
214,LAUDA,25.4,27.5,8.87,31.0,45.0,81.94,61.11,0.74,0.82,100
215,TANAGER,23.8,29.9,9.65,31.0,44.0,76.77,67.95,0.8,0.77,100
216,SAND CANYON,34.6,47.0,15.16,31.0,46.0,111.61,102.17,1.26,1.12,100
217,GOWAN,12.6,22.1,7.13,31.0,46.0,40.65,48.04,0.59,0.48,0
218,RICARDO,33.1,35.0,11.29,31.0,46.0,106.77,76.09,0.94,1.07,100
219,SAND CANYON,34.8,47.6,15.35,31.0,46.0,112.26,103.48,1.28,1.12,100
220,PHEASANT,21.2,28.7,9.26,31.0,45.0,68.39,63.78,0.77,0.68,100
221,GUITAR,10.1,16.6,5.35,31.0,46.0,32.58,36.09,0.45,0.36,0
222,ANTON,26.7,28.7,9.26,31.0,46.0,86.13,62.39,0.77,0.86,100
223,VARGAS,32.8,34.0,10.97,31.0,46.0,105.81,73.91,0.91,1.06,100
224,COVENTRY,33.9,39.1,12.61,31.0,46.0,109.35,85.0,1.05,1.09,100
225,CABANA,34.2,39.9,12.87,31.0,46.0,110.32,86.74,1.07,1.1,100
226,DONLON,13.6,25.0,8.06,31.0,46.0,43.87,54.35,0.67,0.54,0
227,TWIN LAKES,19.4,29.2,9.42,31.0,46.0,62.58,63.48,0.79,0.63,0
228,ARLENE,11.7,18.2,5.87,31.0,46.0,37.74,39.57,0.49,0.4,0
229,ATENTO,14.7,28.0,9.03,31.0,46.0,47.42,60.87,0.75,0.61,0
230,STORES,13.1,18.9,6.1,31.0,46.0,42.26,41.09,0.51,0.42,0
231,BIG ROCK,30.8,42.6,13.74,31.0,46.0,99.35,92.61,1.15,0.99,100
232,DARTMOUTH,11.0,13.4,4.32,31.0,45.0,35.48,29.78,0.36,0.35,0
233,COOLER,23.1,36.6,11.81,31.0,46.0,74.52,79.57,0.98,0.8,100
234,VERA CRUZ,20.5,21.8,7.03,28.0,42.0,73.21,51.9,0.59,0.73,0
235,BEAR VALLEY,13.7,22.3,7.19,18.0,29.0,76.11,76.9,0.6,0.77,100
236,RACER,33.5,46.4,14.97,31.0,46.0,108.06,100.87,1.25,1.08,100
237,CONDOR,26.8,28.8,9.29,31.0,46.0,86.45,62.61,0.77,0.86,100
238,ATENTO,34.2,40.0,12.9,31.0,46.0,110.32,86.96,1.07,1.1,100
239,RACER,30.6,35.2,11.35,31.0,46.0,98.71,76.52,0.95,0.99,100
240,CALSTATE,18.2,29.5,9.52,31.0,46.0,58.71,64.13,0.79,0.64,0
241,DAVENPORT,20.9,29.6,9.55,31.0,46.0,67.42,64.35,0.8,0.67,100
242,CANYON-,29.5,44.1,14.23,40.0,50.0,73.75,88.2,1.19,0.88,100
243,SAND CANYON,20.2,22.7,7.32,31.0,46.0,65.16,49.35,0.61,0.65,0
244,BALCOM,15.2,23.4,7.55,31.0,46.0,49.03,50.87,0.63,0.51,0
245,GILLIBRAND,32.2,36.3,11.71,31.0,46.0,103.87,78.91,0.98,1.04,100
246,CORSAIR,19.2,30.6,9.87,30.0,42.0,64.0,72.86,0.82,0.73,100
247,ENERGY,29.4,32.5,10.48,31.0,45.0,94.84,72.22,0.87,0.95,100
248,LOUCKS,26.5,35.5,11.45,31.0,46.0,85.48,77.17,0.95,0.85,100
249,HILLFIELD,27.8,37.5,12.1,31.0,46.0,89.68,81.52,1.01,0.9,100
250,STUBBY,30.7,39.5,12.74,31.0,46.0,99.03,85.87,1.06,0.99,100
251,TAPO,27.4,40.2,12.97,31.0,46.0,88.39,87.39,1.08,0.88,100
252,STEEL,18.1,26.8,8.65,30.0,43.0,60.33,62.33,0.72,0.62,0
253,ALOLA #2,28.2,31.8,10.26,31.0,44.0,90.97,72.27,0.85,0.91,100
254,CASTRO,19.0,22.1,7.13,30.0,46.0,63.33,48.04,0.59,0.63,0
255,ECHO,21.5,34.2,11.03,31.0,46.0,69.35,74.35,0.92,0.74,100
256,High Wind Trend SKI HI,17.3,19.5,6.29,31.0,46.0,55.81,42.39,0.52,0.56,0
257,CANYONSHOVEL,18.3,24.7,7.97,25.0,40.0,73.2,61.75,0.66,0.73,0
258,SONOMA,26.9,40.5,13.06,28.0,39.0,96.07,103.85,1.09,1.04,100
259,SAVORY,30.2,44.9,14.48,29.0,42.0,104.14,106.9,1.21,1.07,100
260,BOOTLEGGER,17.7,28.1,9.06,31.0,46.0,57.1,61.09,0.76,0.61,0
261,TAHQUITZ,23.6,36.3,11.71,31.0,46.0,76.13,78.91,0.98,0.79,100
262,ECHO,14.8,22.8,7.35,31.0,46.0,47.74,49.57,0.61,0.5,0
263,GUITAR,25.1,37.1,11.97,31.0,46.0,80.97,80.65,1.0,0.81,100
264,ICE HOUSE,32.0,42.8,13.81,31.0,46.0,103.23,93.04,1.15,1.03,100
265,ESTABAN,23.7,26.6,8.58,31.0,45.0,76.45,59.11,0.71,0.76,0
266,STRATHERN,30.7,34.8,11.23,31.0,46.0,99.03,75.65,0.94,0.99,100
267,NORTHPARK,34.7,40.3,13.0,31.0,46.0,111.94,87.61,1.08,1.12,100
268,RMV 1243,22.9,36.9,11.9,31.0,46.0,73.87,80.22,0.99,0.8,100
269,RANKIN,14.0,26.7,8.61,31.0,46.0,45.16,58.04,0.72,0.58,0
270,DYSART,19.4,22.8,7.35,31.0,46.0,62.58,49.57,0.61,0.63,0
271,BIRCHIM,14.1,26.4,8.52,31.0,46.0,45.48,57.39,0.71,0.57,0
272,CAMP BALDY,11.6,13.8,4.45,31.0,46.0,37.42,30.0,0.37,0.37,0
273,ROUNDEL,21.4,33.4,10.77,31.0,44.0,69.03,75.91,0.9,0.76,100
274,ANTON,22.0,30.8,9.94,31.0,46.0,70.97,66.96,0.83,0.71,100
275,GOLDSMITH,24.6,35.7,11.52,31.0,45.0,79.35,79.33,0.96,0.79,100
276,ATENTO,26.2,37.4,12.06,31.0,46.0,84.52,81.3,1.01,0.85,100
277,TAPO,26.4,30.7,9.9,31.0,46.0,85.16,66.74,0.83,0.85,100
278,Kuehner,27.5,29.6,9.55,31.0,46.0,88.71,64.35,0.8,0.89,100
279,SUTT,13.6,15.5,5.0,31.0,46.0,43.87,33.7,0.42,0.44,0
280,OAK GLEN,12.6,23.6,7.61,27.0,41.0,46.67,57.56,0.63,0.58,0
281,TUBA,10.2,21.7,7.0,31.0,46.0,32.9,47.17,0.58,0.47,0
282,NAPOLEON,24.6,30.0,9.68,31.0,45.0,79.35,66.67,0.81,0.79,100
283,STEEL,22.7,24.9,8.03,30.0,43.0,75.67,57.91,0.67,0.76,0
284,BALCOM,23.3,30.7,9.9,31.0,46.0,75.16,66.74,0.83,0.75,100
285,FROZEN,13.6,19.8,6.39,31.0,46.0,43.87,43.04,0.53,0.44,0
286,VARGAS,30.5,41.0,13.23,31.0,46.0,98.39,89.13,1.1,0.98,100
287,FINGAL,25.3,30.4,9.81,31.0,46.0,81.61,66.09,0.82,0.82,100
288,SHOVEL,32.4,39.4,12.71,25.0,40.0,129.6,98.5,1.06,1.3,100
289,BOUQUET,24.6,38.6,12.45,31.0,46.0,79.35,83.91,1.04,0.84,100
290,FINGAL,30.9,38.6,12.45,31.0,46.0,99.68,83.91,1.04,1.0,100
291,DONLON,22.9,29.3,9.45,31.0,46.0,73.87,63.7,0.79,0.74,100
292,MIDDLE ROAD,22.0,28.1,9.06,26.0,42.0,84.62,66.9,0.76,0.85,100
293,CALGROVE,32.1,40.4,13.03,31.0,46.0,103.55,87.83,1.09,1.04,100
294,VARGAS,11.7,13.4,4.32,31.0,46.0,37.74,29.13,0.36,0.38,0
295,ESTABAN,18.4,28.5,9.19,31.0,44.8,59.35,63.62,0.77,0.64,0
296,SADDLEBACK,23.7,31.4,10.13,31.0,46.0,76.45,68.26,0.84,0.76,100
297,ARROWHEAD,24.6,38.6,12.45,40.0,58.0,61.5,66.55,1.04,0.67,100
298,ENERGY,24.6,28.9,9.32,31.0,46.0,79.35,62.83,0.78,0.79,100
299,AMETHYST,18.7,24.8,8.0,31.0,46.0,60.32,53.91,0.67,0.6,0
300,BIG ROCK,30.5,41.8,13.48,31.0,46.0,98.39,90.87,1.12,0.98,100
301,GRAPEVINE PEAK,29.3,34.8,11.23,31.0,46.0,94.52,75.65,0.94,0.95,100
302,LOCKNER,20.8,26.8,8.65,31.0,45.0,67.1,59.56,0.72,0.67,0
303,ANTON,29.7,35.8,11.55,31.0,46.0,95.81,77.83,0.96,0.96,100
304,PICK,32.0,40.3,13.0,31.0,46.0,103.23,87.61,1.08,1.03,100
305,LARCH,15.6,28.1,9.06,31.0,46.0,50.32,61.09,0.76,0.61,0
306,ENCHANTED,25.3,33.1,10.68,31.0,46.0,81.61,71.96,0.89,0.82,100
307,ANTON,25.8,34.9,11.26,31.0,46.0,83.23,75.87,0.94,0.83,100
308,ATENTO,33.7,41.4,13.35,31.0,46.0,108.71,90.0,1.11,1.09,100
309,SWEETWATER,28.6,36.4,11.74,31.0,46.0,92.26,79.13,0.98,0.92,100
310,BELPAC,19.0,33.1,10.68,31.0,42.0,61.29,78.81,0.89,0.79,100
311,LOUCKS,11.8,20.1,6.48,31.0,46.0,38.06,43.7,0.54,0.44,0
312,PYTHON,15.1,20.7,6.68,31.0,46.0,48.71,45.0,0.56,0.49,0
313,ACCENT,15.8,18.8,6.06,27.0,38.0,58.52,49.47,0.51,0.59,0
314,RAINBOW,11.7,23.4,7.55,31.0,46.0,37.74,50.87,0.63,0.51,0
315,TIMBER CANYON,32.4,38.4,12.39,31.0,46.0,104.52,83.48,1.03,1.05,100
316,AVANTI,34.2,42.0,13.55,31.0,46.0,110.32,91.3,1.13,1.1,100
317,ANTON,33.1,45.0,14.52,31.0,46.0,106.77,97.83,1.21,1.07,100
318,FROZEN,22.6,35.3,11.39,31.0,46.0,72.9,76.74,0.95,0.77,100
319,MARCUS,14.7,15.9,5.13,31.0,46.0,47.42,34.57,0.43,0.47,0
320,JONAGOLD,10.7,24.4,7.87,28.0,39.0,38.21,62.56,0.66,0.63,0
321,CANYONBOOTLEGGER,12.1,20.8,6.71,31.0,46.0,39.03,45.22,0.56,0.45,0
322,REVERSE PEAK,15.3,21.3,6.87,31.0,46.0,49.35,46.3,0.57,0.49,0
323,LOPEZ,20.9,25.4,8.19,31.0,46.0,67.42,55.22,0.68,0.67,0
324,BADGER,15.7,28.5,9.19,31.0,46.0,50.65,61.96,0.77,0.62,0
325,ECHO,16.9,19.9,6.42,31.0,46.0,54.52,43.26,0.54,0.55,0
326,CONDOR,11.5,18.6,6.0,31.0,46.0,37.1,40.43,0.5,0.4,0
327,ACOSTA,20.7,27.6,8.9,31.0,46.0,66.77,60.0,0.74,0.67,0
328,COBRA,26.9,31.8,10.26,31.0,42.0,86.77,75.71,0.85,0.87,100
329,VARGAS,29.7,43.6,14.06,31.0,46.0,95.81,94.78,1.17,0.96,100
330,VERDEMONT,25.8,31.2,10.06,31.0,46.0,83.23,67.83,0.84,0.83,100
331,BONNEVILLE,20.9,22.8,7.35,28.0,40.0,74.64,57.0,0.61,0.75,0
332,BIG ROCK,17.8,27.2,8.77,31.0,46.0,57.42,59.13,0.73,0.59,0
333,VARGAS,12.9,22.1,7.13,31.0,46.0,41.61,48.04,0.59,0.48,0
334,ENERGY,29.5,36.9,11.9,31.0,46.0,95.16,80.22,0.99,0.95,100
335,CAIN RANCH,17.7,23.6,7.61,31.0,46.0,57.1,51.3,0.63,0.57,0
336,CLUB OAKS,24.8,37.0,11.94,31.0,46.0,80.0,80.43,0.99,0.8,100
337,GINGER,10.1,24.5,7.9,28.0,40.0,36.07,61.25,0.66,0.61,0
338,ICEHOUSE,16.4,24.2,7.81,31.0,46.0,52.9,52.61,0.65,0.53,0
339,NORTHPARK,21.1,28.3,9.13,31.0,46.0,68.06,61.52,0.76,0.68,0
340,LARCH,18.5,20.2,6.52,31.0,46.0,59.68,43.91,0.54,0.6,0
341,BIG ROCK,25.1,34.1,11.0,31.0,46.0,80.97,74.13,0.92,0.81,100
342,IMPALA,28.0,38.7,12.48,31.0,46.0,90.32,84.13,1.04,0.9,100
343,ESCONDIDO,33.3,45.0,14.52,31.0,46.0,107.42,97.83,1.21,1.07,100
344,HORSE,13.4,19.7,6.35,31.0,46.0,43.23,42.83,0.53,0.43,0
345,CUTHBERT,33.1,41.2,13.29,31.0,46.0,106.77,89.57,1.11,1.07,100
346,ENERGY,11.7,18.4,5.94,31.0,46.0,37.74,40.0,0.5,0.4,0
347,TANAGER,30.0,32.5,10.48,31.0,44.0,96.77,73.86,0.87,0.97,100
348,GRAPEVINE,20.6,23.6,7.61,31.0,46.0,66.45,51.3,0.63,0.66,0
349,CUDDEBACK,19.3,31.2,10.06,23.0,37.0,83.91,84.32,0.84,0.84,100
350,SAND,23.6,25.9,8.35,31.0,46.0,76.13,56.3,0.7,0.76,0
351,IMPALA,10.2,18.4,5.94,31.0,46.0,32.9,40.0,0.5,0.4,0
352,NORTHPARK,14.6,29.6,9.55,31.0,46.0,47.1,64.35,0.8,0.64,0
353,CABANA,19.9,30.4,9.81,31.0,46.0,64.19,66.09,0.82,0.66,100
354,ENERGY,32.8,33.8,10.9,31.0,46.0,105.81,73.48,0.91,1.06,100
355,CANAL,31.4,33.7,10.87,27.0,44.0,116.3,76.59,0.91,1.16,100
356,ECHO,25.2,38.3,12.35,31.0,46.0,81.29,83.26,1.03,0.83,100
357,JORDAN,12.7,27.2,8.77,27.0,46.0,47.04,59.13,0.73,0.59,0
358,CANYONSAND,16.3,31.3,10.1,31.0,46.0,52.58,68.04,0.84,0.68,100
359,VETERANS,17.2,23.4,7.55,31.0,46.0,55.48,50.87,0.63,0.55,0
360,VERA CRUZ,28.3,38.3,12.35,28.0,42.0,101.07,91.19,1.03,1.01,100
361,IMPALA,34.7,43.3,13.97,31.0,46.0,111.94,94.13,1.16,1.12,100
362,SHOVEL,34.3,43.1,13.9,25.0,40.0,137.2,107.75,1.16,1.37,100
363,CABANA,28.1,34.3,11.06,31.0,46.0,90.65,74.57,0.92,0.91,100
364,GUITAR,27.3,30.2,9.74,31.0,46.0,88.06,65.65,0.81,0.88,100
365,EVERETT,14.6,25.4,8.19,31.0,46.0,47.1,55.22,0.68,0.55,0
366,ENERGY,20.9,27.8,8.97,31.0,46.0,67.42,60.43,0.75,0.67,0
367,WHITECLIFF,21.3,29.4,9.48,31.0,46.0,68.71,63.91,0.79,0.69,100
368,BLACKHILLS,17.8,21.4,6.9,31.0,46.0,57.42,46.52,0.58,0.57,0
369,SHOVEL,24.2,28.9,9.32,25.0,40.0,96.8,72.25,0.78,0.97,100
370,CABANA,20.2,34.0,10.97,31.0,46.0,65.16,73.91,0.91,0.74,100
371,LAUDA,22.1,28.4,9.16,31.0,45.0,71.29,63.11,0.76,0.71,100
372,CAMP BALDY,16.0,24.5,7.9,31.0,46.0,51.61,53.26,0.66,0.53,0
373,SHOVEL,15.0,17.2,5.55,31.0,46.0,48.39,37.39,0.46,0.48,0
374,SCHMIDT,22.8,24.0,7.74,31.0,44.0,73.55,54.55,0.65,0.74,0
375,FROZEN,18.9,21.8,7.03,31.0,46.0,60.97,47.39,0.59,0.61,0
376,NORTHPARK,32.5,43.4,14.0,31.0,46.0,104.84,94.35,1.17,1.05,100
377,LOPEZ,26.7,41.1,13.26,31.0,46.0,86.13,89.35,1.1,0.89,100
378,LYONS,26.6,36.1,11.65,31.0,46.0,85.81,78.48,0.97,0.86,100
379,TWIN LAKES,19.2,23.4,7.55,31.0,46.0,61.94,50.87,0.63,0.62,0
380,ENERGY,20.3,33.8,10.9,31.0,46.0,65.48,73.48,0.91,0.73,100
381,CONDOR,29.2,31.2,10.06,31.0,46.0,94.19,67.83,0.84,0.94,100
382,NAPA,19.0,20.7,6.68,28.0,39.0,67.86,53.08,0.56,0.68,0
383,ANTON,24.2,30.5,9.84,31.0,46.0,78.06,66.3,0.82,0.78,100
384,CAESAR,20.5,33.5,10.81,31.0,45.8,66.13,73.14,0.9,0.73,100
385,TAPO,32.0,38.0,12.26,31.0,46.0,103.23,82.61,1.02,1.03,100
386,BUCKHORN,23.1,29.0,9.35,31.0,46.0,74.52,63.04,0.78,0.75,100
387,OLIVER,31.8,41.2,13.29,29.0,42.0,109.66,98.1,1.11,1.1,100
388,TWIN LAKES,17.4,26.1,8.42,31.0,45.0,56.13,58.0,0.7,0.58,0
389,ENERGY,24.7,27.8,8.97,31.0,46.0,79.68,60.43,0.75,0.8,100
390,SAGINAW,17.4,32.2,10.39,24.0,40.0,72.5,80.5,0.87,0.8,100
391,FOOTHILL,20.1,23.1,7.45,26.0,36.0,77.31,64.17,0.62,0.77,100
392,LOUCKS,21.0,32.3,10.42,31.0,46.0,67.74,70.22,0.87,0.7,100
393,CUTHBERT,26.3,37.5,12.1,31.0,46.0,84.84,81.52,1.01,0.85,100
394,PHEASANT,26.7,28.5,9.19,31.0,45.0,86.13,63.33,0.77,0.86,100
395,OAK KNOLL,22.8,24.0,7.74,31.0,46.0,73.55,52.17,0.65,0.74,0
396,CONDOR,27.0,40.3,13.0,31.0,46.0,87.1,87.61,1.08,0.88,100
397,DAVENPORT,13.6,15.5,5.0,31.0,46.0,43.87,33.7,0.42,0.44,0
398,MACIEL,18.9,24.2,7.81,28.0,42.0,67.5,57.62,0.65,0.68,0
399,ACOSTA,17.7,23.3,7.52,31.0,46.0,57.1,50.65,0.63,0.57,0
400,AMETHYST,11.9,23.0,7.42,31.0,46.0,38.39,50.0,0.62,0.5,0
401,ARLENE,19.9,26.8,8.65,31.0,46.0,64.19,58.26,0.72,0.64,0
402,COBRA,23.5,28.9,9.32,31.0,42.0,75.81,68.81,0.78,0.76,100
403,FERRARA,33.6,47.8,15.42,31.0,46.0,108.39,103.91,1.28,1.08,100
404,GABBERT,25.6,33.7,10.87,31.0,46.0,82.58,73.26,0.91,0.83,100
405,BENCH,24.2,26.3,8.48,29.0,42.0,83.45,62.62,0.71,0.83,100
406,CALSTATE,18.6,25.7,8.29,31.0,46.0,60.0,55.87,0.69,0.6,0
407,GUITAR,25.6,29.7,9.58,31.0,46.0,82.58,64.57,0.8,0.83,100
408,GILMAN,15.4,26.3,8.48,31.0,45.0,49.68,58.44,0.71,0.58,0
409,NAPA,27.5,42.5,13.71,28.0,39.0,98.21,108.97,1.14,1.09,100
410,MORGANSTEIN,33.1,38.6,12.45,31.0,46.0,106.77,83.91,1.04,1.07,100
411,CUDDEBACK,23.8,38.7,12.48,23.0,37.0,103.48,104.59,1.04,1.05,100
412,SUTT,17.2,22.9,7.39,31.0,46.0,55.48,49.78,0.62,0.55,0
413,SUTT,32.3,35.3,11.39,31.0,46.0,104.19,76.74,0.95,1.04,100
414,TAPO,34.3,37.9,12.23,31.0,46.0,110.65,82.39,1.02,1.11,100
415,BOOTLEGGER,25.8,40.5,13.06,31.0,46.0,83.23,88.04,1.09,0.88,100
416,ANACONDA,27.8,33.9,10.94,31.0,42.0,89.68,80.71,0.91,0.9,100
417,STAR ROCK,15.3,21.3,6.87,31.0,44.0,49.35,48.41,0.57,0.49,0
418,BOOTLEGGER,30.3,36.7,11.84,31.0,46.0,97.74,79.78,0.99,0.98,100
419,GNATCATCHER,15.3,17.1,5.52,31.0,46.0,49.35,37.17,0.46,0.49,0
420,DUKE,15.2,22.4,7.23,30.0,46.0,50.67,48.7,0.6,0.51,0
421,HILLFIELD,30.6,37.4,12.06,31.0,46.0,98.71,81.3,1.01,0.99,100
422,ANTON,19.7,33.3,10.74,31.0,46.0,63.55,72.39,0.9,0.72,100
423,RED BOX,20.1,21.9,7.06,31.0,45.0,64.84,48.67,0.59,0.65,0
424,RUSTIC,19.4,28.7,9.26,31.0,46.0,62.58,62.39,0.77,0.63,0
425,RAINBOW,10.1,23.5,7.58,31.0,46.0,32.58,51.09,0.63,0.51,0
426,GUITAR,26.3,28.1,9.06,31.0,46.0,84.84,61.09,0.76,0.85,100
427,HILLCREST,15.0,18.5,5.97,31.0,45.0,48.39,41.11,0.5,0.48,0
428,ANTON,19.4,25.5,8.23,31.0,46.0,62.58,55.43,0.69,0.63,0
429,BALCOM,16.6,21.8,7.03,31.0,46.0,53.55,47.39,0.59,0.54,0
430,ZONE,27.1,28.8,9.29,31.0,46.0,87.42,62.61,0.77,0.87,100
431,TWIN LAKES,19.5,29.5,9.52,31.0,45.0,62.9,65.56,0.79,0.66,100
432,SAND CANYON,24.3,34.7,11.19,31.0,46.0,78.39,75.43,0.93,0.78,100
433,MARCUS,24.8,30.8,9.94,31.0,46.0,80.0,66.96,0.83,0.8,100
434,DIAMONDBACK,21.2,32.3,10.42,31.0,42.0,68.39,76.9,0.87,0.77,100
435,VERA CRUZ,31.5,43.1,13.9,28.0,42.0,112.5,102.62,1.16,1.12,100
436,DUKE,18.8,28.9,9.32,30.0,46.0,62.67,62.83,0.78,0.63,0
437,HILLFIELD,10.2,21.8,7.03,31.0,46.0,32.9,47.39,0.59,0.47,0
438,GUITAR,29.5,36.3,11.71,31.0,46.0,95.16,78.91,0.98,0.95,100
439,METTLER,31.0,35.4,11.42,23.0,37.0,134.78,95.68,0.95,1.35,100
440,TAIWAN,18.3,25.0,8.06,31.0,46.0,59.03,54.35,0.67,0.59,0
441,ANTON,31.5,37.5,12.1,31.0,46.0,101.61,81.52,1.01,1.02,100
442,ESTABAN,10.4,21.7,7.0,26.0,38.0,40.0,57.11,0.58,0.57,0
443,CUTHBERT,19.4,32.4,10.45,31.0,46.0,62.58,70.43,0.87,0.7,100
444,GILMAN,20.2,23.5,7.58,31.0,45.0,65.16,52.22,0.63,0.65,0
445,CHAWA,21.7,29.6,9.55,31.0,46.0,70.0,64.35,0.8,0.7,100
446,CUTHBERT,15.2,17.7,5.71,31.0,46.0,49.03,38.48,0.48,0.49,0
447,NAPOLEON,25.8,29.0,9.35,31.0,45.0,83.23,64.44,0.78,0.83,100
448,STEEL,16.7,22.4,7.23,30.0,43.0,55.67,52.09,0.6,0.56,0
449,DE MILLE,28.7,40.9,13.19,31.0,46.0,92.58,88.91,1.1,0.93,100
450,WINERY,23.8,26.6,8.58,29.0,42.0,82.07,63.33,0.71,0.82,100
451,STEEL,29.7,35.2,11.35,30.0,43.0,99.0,81.86,0.95,0.99,100
452,CONDOR,23.2,31.2,10.06,31.0,46.0,74.84,67.83,0.84,0.75,100
453,GRAPEVINE PEAK,22.5,34.9,11.26,31.0,46.0,72.58,75.87,0.94,0.76,100
454,STAR ROCK,11.8,18.9,6.1,31.0,44.0,38.06,42.95,0.51,0.43,0
455,PINE COVE,33.1,47.8,15.42,27.0,44.0,122.59,108.64,1.28,1.23,100
456,EASTER,28.1,39.2,12.65,29.0,41.0,96.9,95.61,1.05,0.97,100
457,VARGAS,25.6,30.5,9.84,31.0,46.0,82.58,66.3,0.82,0.83,100
458,ESTABAN,33.5,37.0,11.94,31.0,45.0,108.06,82.22,0.99,1.08,100
459,DONLON,34.0,42.9,13.84,31.0,46.0,109.68,93.26,1.15,1.1,100
460,CASTRO,13.2,17.5,5.65,30.0,46.0,44.0,38.04,0.47,0.44,0
461,SWEETWATER,11.8,21.6,6.97,31.0,46.0,38.06,46.96,0.58,0.47,0
462,HONEYCRISP,12.3,24.5,7.9,29.0,42.0,42.41,58.33,0.66,0.58,0
463,ENERGY,22.4,30.1,9.71,31.0,46.0,72.26,65.43,0.81,0.72,100
464,SHOVEL,34.7,35.8,11.55,25.0,40.0,138.8,89.5,0.96,1.39,100
465,ESTABAN,16.5,21.8,7.03,31.0,45.0,53.23,48.44,0.59,0.53,0
466,CORSAIR,11.7,18.3,5.9,30.0,42.0,39.0,43.57,0.49,0.44,0
467,AVANTI,30.6,33.9,10.94,31.0,46.0,98.71,73.7,0.91,0.99,100
468,HILLFIELD,11.4,15.9,5.13,31.0,46.0,36.77,34.57,0.43,0.37,0
469,VERA CRUZ,15.8,21.9,7.06,28.04,42.0,56.35,52.14,0.59,0.56,0
470,SNOW VALLEY,23.1,35.1,11.32,31.0,46.0,74.52,76.3,0.94,0.76,100
471,ZONE,30.4,45.3,14.61,31.0,46.0,98.06,98.48,1.22,0.98,100
472,RAINBOW,31.3,43.4,14.0,31.0,46.0,100.97,94.35,1.17,1.01,100
473,DAVENPORT,31.5,42.1,13.58,31.0,46.0,101.61,91.52,1.13,1.02,100
474,TIMBER CANYON,33.9,38.4,12.39,31.0,46.0,109.35,83.48,1.03,1.09,100
475,ANTON,24.6,26.1,8.42,31.0,46.0,79.35,56.74,0.7,0.79,0
476,DAVENPORT,25.2,38.7,12.48,31.0,46.0,81.29,84.13,1.04,0.84,100
477,STAGHORN,25.1,38.4,12.39,31.0,46.0,80.97,83.48,1.03,0.83,100
478,DAVENPORT,18.9,29.7,9.58,31.0,46.0,60.97,64.57,0.8,0.65,100
479,METTLER,34.6,36.9,11.9,23.0,37.0,150.43,99.73,0.99,1.5,100
480,ANTON,26.5,33.9,10.94,31.0,46.0,85.48,73.7,0.91,0.85,100
481,LAUDA,30.9,43.4,14.0,31.0,45.0,99.68,96.44,1.17,1.0,100
482,VETERANS,21.4,22.6,7.29,31.0,46.0,69.03,49.13,0.61,0.69,0
483,SAND CANYON,20.9,35.5,11.45,31.0,46.0,67.42,77.17,0.95,0.77,100
484,FINGAL,25.6,40.3,13.0,31.0,46.0,82.58,87.61,1.08,0.88,100
485,TAIWAN,34.3,36.8,11.87,31.0,46.0,110.65,80.0,0.99,1.11,100
486,RACER,26.4,36.7,11.84,31.0,46.0,85.16,79.78,0.99,0.85,100
487,DYSART,17.6,25.0,8.06,31.0,46.0,56.77,54.35,0.67,0.57,0
488,BOOTLEGGER,34.7,35.7,11.52,31.0,46.0,111.94,77.61,0.96,1.12,100
489,SHERWOOD,30.0,34.3,11.06,31.0,46.0,96.77,74.57,0.92,0.97,100
490,TAGGERT,23.5,30.3,9.77,31.0,46.0,75.81,65.87,0.81,0.76,100
491,ZONE,24.0,34.2,11.03,31.0,46.0,77.42,74.35,0.92,0.77,100
492,NORTHPARK,25.0,26.5,8.55,31.0,46.0,80.65,57.61,0.71,0.81,100
493,PYLE,22.4,25.8,8.32,28.0,44.0,80.0,58.64,0.69,0.8,0
494,STRATHERN,24.7,27.4,8.84,31.0,46.0,79.68,59.57,0.74,0.8,100
495,STORES,19.5,25.3,8.16,31.0,46.0,62.9,55.0,0.68,0.63,0
496,SAND CANYON,21.1,34.4,11.1,31.0,46.0,68.06,74.78,0.92,0.75,100
497,DELUZ,32.3,35.1,11.32,27.0,44.0,119.63,79.77,0.94,1.2,100
498,LOUCKS,27.7,30.7,9.9,31.0,46.0,89.35,66.74,0.83,0.89,100
499,ZONE,26.7,34.6,11.16,31.0,46.0,86.13,75.22,0.93,0.86,100
500,ROUNDEL,14.7,28.3,9.13,31.0,44.0,47.42,64.32,0.76,0.64,0
501,LOPEZ,30.4,44.0,14.19,31.0,46.0,98.06,95.65,1.18,0.98,100
502,ANACONDA,34.2,37.8,12.19,31.0,42.4,110.32,89.15,1.02,1.1,100
503,OAK KNOLL,21.3,36.2,11.68,31.0,46.0,68.71,78.7,0.97,0.79,100
504,SHOVEL,13.1,27.3,8.81,31.0,46.0,42.26,59.35,0.73,0.59,0
505,TRAILKIMDALE,10.2,23.8,7.68,31.0,45.0,32.9,52.89,0.64,0.53,0
506,PURCHASE,19.5,25.5,8.23,31.0,46.0,62.9,55.43,0.69,0.63,0
507,BING,11.2,14.2,4.58,31.0,45.0,36.13,31.56,0.38,0.36,0
508,TUFA,29.3,38.4,12.39,31.0,46.0,94.52,83.48,1.03,0.95,100
509,GREEN RIVER,16.5,30.7,9.9,30.55,39.5,54.01,77.72,0.83,0.78,100
510,High Wind Trend CAMPANULA,11.5,24.6,7.94,31.0,46.0,37.1,53.48,0.66,0.53,0
511,MODJESKA,16.3,28.5,9.19,30.0,44.0,54.33,64.77,0.77,0.65,0
512,FROZEN,19.4,23.9,7.71,31.0,46.0,62.58,51.96,0.64,0.63,0
513,HAMPSHIRE,33.8,42.2,13.61,31.0,45.0,109.03,93.78,1.13,1.09,100
514,LOUCKS,22.8,32.5,10.48,31.0,46.0,73.55,70.65,0.87,0.74,100
515,ANGUS,14.5,19.8,6.39,31.0,46.0,46.77,43.04,0.53,0.47,0
516,VERA CRUZ,28.4,35.9,11.58,28.04,42.0,101.28,85.48,0.96,1.01,100
517,SAND CANYON,13.0,21.4,6.9,31.0,46.0,41.94,46.52,0.58,0.47,0
518,ROBINSON CREEK,10.2,15.0,4.84,31.0,46.0,32.9,32.61,0.4,0.33,0
519,STEARNS,34.8,49.4,15.94,31.0,46.0,112.26,107.39,1.33,1.12,100
520,SAVORY,32.1,43.2,13.94,29.0,42.0,110.69,102.86,1.16,1.11,100
521,VARGAS,30.3,34.2,11.03,31.0,46.0,97.74,74.35,0.92,0.98,100
522,RANIER,19.1,33.7,10.87,31.0,45.0,61.61,74.89,0.91,0.75,100
523,JONAGOLD,13.8,28.8,9.29,28.0,39.0,49.29,73.85,0.77,0.74,100
524,BLUE CUT,27.0,41.0,13.23,31.0,46.0,87.1,89.13,1.1,0.89,100
525,CORSAIR,15.5,21.2,6.84,30.0,42.0,51.67,50.48,0.57,0.52,0
526,RED BOX,29.6,33.5,10.81,31.0,46.0,95.48,72.83,0.9,0.95,100
527,RAINBOW,35.0,44.1,14.23,31.0,46.0,112.9,95.87,1.19,1.13,100
528,CHAWA,24.2,34.3,11.06,31.0,46.0,78.06,74.57,0.92,0.78,100
529,RAINBOW,18.3,30.1,9.71,31.0,46.0,59.03,65.43,0.81,0.65,100
530,CALGROVE,12.3,24.9,8.03,31.0,46.0,39.68,54.13,0.67,0.54,0
531,SAVORY,12.7,16.4,5.29,29.0,42.0,43.79,39.05,0.44,0.44,0
532,GNATCATCHER,24.6,36.7,11.84,31.0,46.0,79.35,79.78,0.99,0.8,100
533,LOPEZ,13.1,21.0,6.77,31.0,46.0,42.26,45.65,0.56,0.46,0
534,CONDOR,18.7,24.4,7.87,31.0,46.0,60.32,53.04,0.66,0.6,0
535,CALSTATE,10.9,18.7,6.03,31.0,46.0,35.16,40.65,0.5,0.41,0
536,PATRICIA,26.3,33.1,10.68,31.0,46.0,84.84,71.96,0.89,0.85,100
537,VERDEMONT,30.6,38.5,12.42,31.0,46.0,98.71,83.7,1.03,0.99,100
538,BLUE CUT,21.9,27.6,8.9,31.0,46.0,70.65,60.0,0.74,0.71,0
539,ENERGY,25.9,34.0,10.97,31.0,46.0,83.55,73.91,0.91,0.84,100
540,BONNEVILLE,32.8,47.8,15.42,28.0,40.0,117.14,119.5,1.28,1.19,100
541,HILLFIELD,23.8,28.3,9.13,31.0,46.0,76.77,61.52,0.76,0.77,100
542,CASSIDY,18.8,23.2,7.48,31.0,46.0,60.65,50.43,0.62,0.61,0
543,TWIN LAKES,15.7,17.1,5.52,31.0,45.0,50.65,38.0,0.46,0.51,0
544,MIDDLE ROAD,32.2,36.6,11.81,26.0,42.0,123.85,87.14,0.98,1.24,100
545,SOGGY,28.4,43.2,13.94,28.0,40.0,101.43,108.0,1.16,1.08,100
546,GUNSITE,13.6,18.5,5.97,31.0,46.0,43.87,40.22,0.5,0.44,0
547,METTLER,17.0,31.1,10.03,23.0,37.0,73.91,84.05,0.84,0.84,100
548,WOBEGONE,18.7,31.6,10.19,28.0,40.0,66.79,79.0,0.85,0.79,100
549,ANGUS,19.1,28.5,9.19,31.0,46.0,61.61,61.96,0.77,0.62,0
550,DUKE,16.6,20.0,6.45,30.0,46.0,55.33,43.48,0.54,0.55,0
551,SADDLEBACK,33.3,44.1,14.23,31.0,46.0,107.42,95.87,1.19,1.07,100
552,CASTRO,19.6,34.3,11.06,30.0,46.0,65.33,74.57,0.92,0.75,100
553,SONOMA,19.9,27.9,9.0,27.51,39.42,72.34,70.78,0.75,0.72,100
554,GILLIBRAND,25.2,34.2,11.03,31.0,46.0,81.29,74.35,0.92,0.81,100
555,CANEBRAKE,25.3,30.7,9.9,31.0,46.0,81.61,66.74,0.83,0.82,100
556,SAND CANYON,28.8,30.2,9.74,31.0,46.0,92.9,65.65,0.81,0.93,100
557,EASTER,32.2,44.0,14.19,29.0,41.0,111.03,107.32,1.18,1.11,100
558,CONDOR,33.6,35.0,11.29,31.0,46.0,108.39,76.09,0.94,1.08,100
559,TAHQUITZ,10.9,20.9,6.74,31.0,46.0,35.16,45.43,0.56,0.45,0
560,CONDOR,16.6,30.4,9.81,31.0,46.0,53.55,66.09,0.82,0.66,0
561,DE MILLE,25.9,31.6,10.19,31.0,46.0,83.55,68.7,0.85,0.84,100
562,BLACKHILLS,16.1,29.1,9.39,31.0,46.0,51.94,63.26,0.78,0.63,0
563,ATENTO,34.1,37.5,12.1,31.0,46.0,110.0,81.52,1.01,1.1,100
564,CUTHBERT,23.6,24.9,8.03,31.0,46.0,76.13,54.13,0.67,0.76,0
565,SHOVEL,15.7,25.6,8.26,31.0,46.0,50.65,55.65,0.69,0.56,0
566,TAPO,24.8,35.2,11.35,31.0,46.0,80.0,76.52,0.95,0.8,100
567,GUNSITE,23.5,31.6,10.19,31.0,46.0,75.81,68.7,0.85,0.76,100
568,BOOTLEGGER,16.6,18.9,6.1,31.0,46.0,53.55,41.09,0.51,0.54,0
569,NEPAL,23.1,36.8,11.87,31.0,44.0,74.52,83.64,0.99,0.84,100
570,BIRCHIM,20.4,29.7,9.58,31.0,46.0,65.81,64.57,0.8,0.66,100
571,SHOVEL,31.3,36.3,11.71,25.0,40.0,125.2,90.75,0.98,1.25,100
572,THACHER,24.6,30.4,9.81,29.0,46.0,84.83,66.09,0.82,0.85,100
573,High Wind Trend TUFA,35.0,40.2,12.97,31.0,46.0,112.9,87.39,1.08,1.13,100
